attraction_id,nama,kota,id_kota,provinsi,date,description,img,link_detail
77,,Aceh Besar,1,Aceh,,,,
80,,Aceh Besar,1,Aceh,,,,
82,,Aceh Besar,1,Aceh,,,,
85,,Aceh Besar,1,Aceh,,,,
438,,Agam,2,West Sumatra,,,,
441,,Agam,2,West Sumatra,,,,
447,,Agam,2,West Sumatra,,,,
1179,,Agam,2,West Sumatra,,,,
1182,,Agam,2,West Sumatra,,,,
1188,,Agam,2,West Sumatra,,,,
420,,Asahan,3,North Sumatra,,,,
34,,Badung,4,Bali,,,,
39,,Badung,4,Bali,,,,
338,,Badung,4,Bali,,,,
36,,Bali,5,Bali,,,,
623,,Balikpapan,6,East Kalimantan,,,,
70,,Banda Aceh,7,Aceh,,,,
71,,Banda Aceh,7,Aceh,,,,
81,,Banda Aceh,7,Aceh,,,,
156,,Bandung,8,Jawa Barat,,,,
179,,Bandung Barat,9,Jawa Barat,,,,
152,,Bandung,8,West Java,,,,
154,,Bandung,8,West Java,,,,
175,,Bandung,8,West Java,,,,
368,,Bandung,8,West Java,,,,
977,,Banjarmasin,11,South Kalimantan,,,,
981,,Banjarmasin,11,South Kalimantan,,,,
987,,Banjarmasin,11,South Kalimantan,,,,
997,,Banjarmasin,11,South Kalimantan,,,,
998,,Banjarmasin,11,South Kalimantan,,,,
389,,Banjarnegara,12,Central Java,,,,
399,,Banjarnegara,12,Central Java,,,,
914,,Bantul,13,Special Region of Yogyakarta,,,,
982,,Barito Kuala,14,South Kalimantan,,,,
712,,Batam,15,Riau Islands,,,,
715,,Batam,15,Riau Islands,,,,
720,,Batam,15,Riau Islands,,,,
729,,Batam,15,Riau Islands,,,,
734,,Batam,15,Riau Islands,,,,
735,,Batam,15,Riau Islands,,,,
737,,Batam,15,Riau Islands,,,,
545,,Batu,16,East Java,,,,
556,,Batu,16,East Java,,,,
561,,Batu,16,East Java,,,,
568,,Batu,16,East Java,,,,
828,,Bekasi,17,West Java,,,,
844,,Bekasi,17,West Java,,,,
928,,Bengkulu,18,Bengkulu,,,,
934,,Bengkulu,18,Bengkulu,,,,
940,,Bengkulu,18,Bengkulu,,,,
941,,Bengkulu,18,Bengkulu,,,,
942,,Bengkulu,18,Bengkulu,,,,
1109,,Bima,19,West Nusa Tenggara,,,,
520,Festival Manulude,Pulau Sangihe,202,North Sulawesi,Januari,https://kemlu.go.id/davaocity/en/news/4868/tulude-festival-in-laensasi#:~:text=In%20a%20country,during%20last%20season.,https://kemlu.go.id/davaocity/en/news/4868/tulude-festival-in-laensasi
1064,,Bitung,20,North Sulawesi,,,,
469,,Bogor,21,West Java,,,,
578,,Bogor,21,West Java,,,,
579,,Bogor,21,West Java,,,,
584,,Bogor,21,West Java,,,,
586,,Bogor,21,West Java,,,,
301,,Boyolali,22,Central Java,,,,
347,,Bukittinggi,23,West Sumatra,,,,
435,,Bukittinggi,23,West Sumatra,,,,
444,,Bukittinggi,23,West Sumatra,,,,
457,,Bukittinggi,23,West Sumatra,,,,
463,,Bukittinggi,23,West Sumatra,,,,
1176,,Bukittinggi,23,West Sumatra,,,,
1185,,Bukittinggi,23,West Sumatra,,,,
1198,,Bukittinggi,23,West Sumatra,,,,
1204,,Bukittinggi,23,West Sumatra,,,,
69,,Central Aceh,24,Aceh,,,,
91,,Central Maluku,25,Maluku,,,,
95,,Central Maluku,25,Maluku,,,,
943,,Central Maluku,25,Maluku,,,,
951,,Central Maluku,25,Maluku,,,,
959,,Central Maluku,25,Maluku,,,,
969,,Central Maluku,25,Maluku,,,,
1141,,Chaffee County,26,Colorado,,,,
16,Parade Kuda Kosong,Cianjur,27,West Java,Agustus,https://id.wikipedia.org/wiki/Parade_kuda_kosong#:~:text=Kuda%20kosong%20atau,http://p2k.unkris.ac.id/_sepakbola/_baca_image.php?td=27&kodegb=220px-Kuda_kosong.jpg,https://id.wikipedia.org/wiki/Parade_kuda_kosong
478,,Cianjur,27,West Java,,,,
696,,Cianjur,27,West Java,,,,
697,,Cianjur,27,West Java,,,,
699,,Cianjur,27,West Java,,,,
700,,Cianjur,27,West Java,,,,
701,,Cianjur,27,West Java,,,,
702,,Cianjur,27,West Java,,,,
704,,Cianjur,27,West Java,,,,
708,,Cianjur,27,West Java,,,,
11,,Cikananga,28,Jawa Barat,,,,
153,,Dane County,29,Wisconsin,,,,
440,,Davao del Norte,30,Davao Region,,,,
1181,,Davao del Norte,30,Davao Region,,,,
1008,,Denpasar,31,Bali,,,,
1014,,Denpasar,31,Bali,,,,
214,,Ende,32,East Nusa Tenggara,,,,
216,,Ende,32,East Nusa Tenggara,,,,
362,,Garut,33,West Java,,,,
366,,Garut,33,West Java,,,,
367,,Garut,33,West Java,,,,
371,,Garut,33,West Java,,,,
376,,Garut,33,West Java,,,,
377,,Garut,33,West Java,,,,
379,,Garut,33,West Java,,,,
381,,Garut,33,West Java,,,,
382,,Garut,33,West Java,,,,
383,,Garut,33,West Java,,,,
387,,Garut,33,West Java,,,,
388,,Garut,33,West Java,,,,
1009,,Gianyar,34,Bali,,,,
653,,Government of Amsterdam,35,North Holland,,,,
136,,Gowa,36,South Sulawesi,,,,
548,,Greene County,37,Missouri,,,,
673,,Hamilton County,38,Ohio,,,,
640,,Hancock County,39,Illinois,,,,
248,,Jakarta Utara,40,Daerah Khusus Ibukota Jakarta,,,,
260,,Jakarta Utara,40,Daerah Khusus Ibukota Jakarta,,,,
266,,Jakarta Utara,40,Daerah Khusus Ibukota Jakarta,,,,
1169,,Jambi,41,Jambi,,,,
1147,,Jambi,41,Jambi,,,,
1170,,Jambi,41,Jambi,,,,
589,,Jawa Barat,42,Jawa Barat,,,,
1033,Festival Lembah Baliem,Jayapura,43,Papua,September,https://id.wikipedia.org/wiki/Festival_Budaya_Lembah_Baliem#:~:text=Fesival%20Budaya%20Lembah,https://upload.wikimedia.org/wikipedia/commons/thumb/c/cc/Opening_Ceremony_of_Baliem_Valley_Festival_2018.jpg/330px-Opening_Ceremony_of_Baliem_Valley_Festival_2018.jpg,https://id.wikipedia.org/wiki/Festival_Budaya_Lembah_Baliem
1034,,Jayapura,43,Papua,,,,
1046,,Jayapura,43,Papua,,,,
1037,,Jayapura,43,Papua,,,,
1039,,Jayapura,43,Papua,,,,
65,,Kabupaten Aceh Singkil,44,Aceh,,,,
88,,Kabupaten Aceh Tengah,45,Aceh,,,,
436,,Kabupaten Agam,46,Sumatera Barat,,,,
1177,,Kabupaten Agam,46,Sumatera Barat,,,,
31,,Kabupaten Badung,47,Bali,,,,
35,,Kabupaten Badung,47,Bali,,,,
37,,Kabupaten Badung,47,Bali,,,,
46,,Kabupaten Badung,47,Bali,,,,
47,,Kabupaten Badung,47,Bali,,,,
48,,Kabupaten Badung,47,Bali,,,,
50,,Kabupaten Badung,47,Bali,,,,
51,,Kabupaten Badung,47,Bali,,,,
55,,Kabupaten Badung,47,Bali,,,,
609,,Kabupaten Badung,47,Bali,,,,
1011,,Kabupaten Badung,47,Bali,,,,
1031,,Kabupaten Badung,47,Bali,,,,
1107,,Kabupaten Badung,47,Bali,,,,
883,,Kabupaten Bandung,48,Jawa Barat,,,,
158,,Kabupaten Bandung Barat,49,Jawa Barat,,,,
170,,Kabupaten Bandung Barat,49,Jawa Barat,,,,
1101,,Kabupaten Banggai,50,Sulawesi Tengah,,,,
973,,Kabupaten Banjar,51,Kalimantan Selatan,,,,
394,,Kabupaten Banjarnegara,52,Jawa Tengah,,,,
395,,Kabupaten Banjarnegara,52,Jawa Tengah,,,,
396,,Kabupaten Banjarnegara,52,Jawa Tengah,,,,
313,,Kabupaten Bantul,53,Daerah Istimewa Yogyakarta,,,,
318,,Kabupaten Bantul,53,Daerah Istimewa Yogyakarta,,,,
320,,Kabupaten Bantul,53,Daerah Istimewa Yogyakarta,,,,
328,,Kabupaten Bantul,53,Daerah Istimewa Yogyakarta,,,,
887,,Kabupaten Bantul,53,Daerah Istimewa Yogyakarta,,,,
888,,Kabupaten Bantul,53,Daerah Istimewa Yogyakarta,,,,
889,,Kabupaten Bantul,53,Daerah Istimewa Yogyakarta,,,,
890,,Kabupaten Bantul,53,Daerah Istimewa Yogyakarta,,,,
892,,Kabupaten Bantul,53,Daerah Istimewa Yogyakarta,,,,
895,,Kabupaten Bantul,53,Daerah Istimewa Yogyakarta,,,,
896,,Kabupaten Bantul,53,Daerah Istimewa Yogyakarta,,,,
897,,Kabupaten Bantul,53,Daerah Istimewa Yogyakarta,,,,
898,,Kabupaten Bantul,53,Daerah Istimewa Yogyakarta,,,,
899,,Kabupaten Bantul,53,Daerah Istimewa Yogyakarta,,,,
900,,Kabupaten Bantul,53,Daerah Istimewa Yogyakarta,,,,
901,,Kabupaten Bantul,53,Daerah Istimewa Yogyakarta,,,,
904,,Kabupaten Bantul,53,Daerah Istimewa Yogyakarta,,,,
905,,Kabupaten Bantul,53,Daerah Istimewa Yogyakarta,,,,
906,,Kabupaten Bantul,53,Daerah Istimewa Yogyakarta,,,,
908,,Kabupaten Bantul,53,Daerah Istimewa Yogyakarta,,,,
910,,Kabupaten Bantul,53,Daerah Istimewa Yogyakarta,,,,
911,,Kabupaten Bantul,53,Daerah Istimewa Yogyakarta,,,,
912,,Kabupaten Bantul,53,Daerah Istimewa Yogyakarta,,,,
915,,Kabupaten Bantul,53,Daerah Istimewa Yogyakarta,,,,
1159,,Kabupaten Batang Hari,54,Jambi,,,,
824,,Kabupaten Bekasi,55,Jawa Barat,,,,
835,,Kabupaten Bekasi,55,Jawa Barat,,,,
840,,Kabupaten Bekasi,55,Jawa Barat,,,,
918,,Kabupaten Bengkulu Tengah,56,Bengkulu,,,,
583,,Kabupaten Bogor,57,Jawa Barat,,,,
588,,Kabupaten Bogor,57,Jawa Barat,,,,
591,,Kabupaten Bogor,57,Jawa Barat,,,,
594,,Kabupaten Bogor,57,Jawa Barat,,,,
596,,Kabupaten Bogor,57,Jawa Barat,,,,
597,,Kabupaten Bogor,57,Jawa Barat,,,,
598,,Kabupaten Bogor,57,Jawa Barat,,,,
683,,Kabupaten Boyolali,58,Jawa Tengah,,,,
472,,Kabupaten Ciamis,59,Jawa Barat,,,,
573,,Kabupaten Cianjur,60,Jawa Barat,,,,
582,,Kabupaten Cianjur,60,Jawa Barat,,,,
691,,Kabupaten Cianjur,60,Jawa Barat,,,,
692,,Kabupaten Cianjur,60,Jawa Barat,,,,
693,,Kabupaten Cianjur,60,Jawa Barat,,,,
694,,Kabupaten Cianjur,60,Jawa Barat,,,,
698,,Kabupaten Cianjur,60,Jawa Barat,,,,
705,,Kabupaten Cianjur,60,Jawa Barat,,,,
709,,Kabupaten Cianjur,60,Jawa Barat,,,,
407,,Kabupaten Deli Serdang,61,Sumatera Utara,,,,
413,,Kabupaten Deli Serdang,61,Sumatera Utara,,,,
418,,Kabupaten Deli Serdang,61,Sumatera Utara,,,,
426,,Kabupaten Deli Serdang,61,Sumatera Utara,,,,
430,,Kabupaten Deli Serdang,61,Sumatera Utara,,,,
432,,Kabupaten Deli Serdang,61,Sumatera Utara,,,,
920,,Kabupaten Ende,62,Nusa Tenggara Timur,,,,
361,,Kabupaten Garut,63,Jawa Barat,,,,
365,,Kabupaten Garut,63,Jawa Barat,,,,
369,,Kabupaten Garut,63,Jawa Barat,,,,
370,,Kabupaten Garut,63,Jawa Barat,,,,
374,,Kabupaten Garut,63,Jawa Barat,,,,
378,,Kabupaten Garut,63,Jawa Barat,,,,
380,,Kabupaten Garut,63,Jawa Barat,,,,
384,,Kabupaten Garut,63,Jawa Barat,,,,
385,,Kabupaten Garut,63,Jawa Barat,,,,
386,,Kabupaten Garut,63,Jawa Barat,,,,
62,,Kabupaten Gayo Lues,64,Aceh,,,,
32,,Kabupaten Gianyar,65,Bali,,,,
33,,Kabupaten Gianyar,65,Bali,,,,
38,,Kabupaten Gianyar,65,Bali,,,,
42,,Kabupaten Gianyar,65,Bali,,,,
43,,Kabupaten Gianyar,65,Bali,,,,
45,,Kabupaten Gianyar,65,Bali,,,,
49,,Kabupaten Gianyar,65,Bali,,,,
54,,Kabupaten Gianyar,65,Bali,,,,
56,,Kabupaten Gianyar,65,Bali,,,,
58,,Kabupaten Gianyar,65,Bali,,,,
59,,Kabupaten Gianyar,65,Bali,,,,
60,,Kabupaten Gianyar,65,Bali,,,,
308,,Kabupaten Gunung Kidul,66,Daerah Istimewa Yogyakarta,,,,
311,,Kabupaten Gunung Kidul,66,Daerah Istimewa Yogyakarta,,,,
314,,Kabupaten Gunung Kidul,66,Daerah Istimewa Yogyakarta,,,,
776,,Kabupaten Gunung MAS,67,Kalimantan Tengah,,,,
1053,,Kabupaten Jayapura,68,Papua,,,,
84,Festival Memeden Gadhu,Kabupaten Jepara,69,Jawa Tengah,Oktober,https://id.wikipedia.org/wiki/Festival_Memeden_Gadhu#:~:text=Festival%20Memeden%20Gadhu%20(,bulan%20Dzulkaidah%20penanggalan%20Hijriyah.,https://id.wikipedia.org/wiki/Festival_Memeden_Gadhu
196,Unduh-unduh,Kabupaten Jombang,70,Jawa Timur,Mei,https://kediripedia.com/unduh-unduh-paduan-ajaran-alkitab-dan-budaya-jawa/#:~:text=Hari%20raya%20unduh%2Dunduh%20digelar,https://kediripedia.com/wp-content/uploads/2022/09/WhatsApp-Image-2018-06-03-at-20.29.44-750x375.jpeg,https://kediripedia.com/unduh-unduh-paduan-ajaran-alkitab-dan-budaya-jawa/
663,,Kabupaten Karanganyar,71,Jawa Tengah,,,,
671,,Kabupaten Karanganyar,71,Jawa Tengah,,,,
690,,Kabupaten Karanganyar,71,Jawa Tengah,,,,
922,,Kabupaten Kaur,72,Bengkulu,,,,
1146,,Kabupaten Kerinci,73,Jambi,,,,
306,,Kabupaten Klaten,74,Jawa Tengah,,,,
669,,Kabupaten Klaten,74,Jawa Tengah,,,,
741,,Kabupaten Konawe Selatan,75,Sulawesi Tenggara,,,,
173,,Kabupaten Malang,76,Jawa Timur,,,,
552,,Kabupaten Malang,76,Jawa Timur,,,,
563,,Kabupaten Malang,76,Jawa Timur,,,,
854,,Kabupaten Malang,76,Jawa Timur,,,,
859,,Kabupaten Malang,76,Jawa Timur,,,,
860,,Kabupaten Malang,76,Jawa Timur,,,,
863,,Kabupaten Malang,76,Jawa Timur,,,,
868,,Kabupaten Malang,76,Jawa Timur,,,,
870,,Kabupaten Malang,76,Jawa Timur,,,,
877,,Kabupaten Malang,76,Jawa Timur,,,,
1002,,Kabupaten Malang,76,Jawa Timur,,,,
98,,Kabupaten Maluku Tengah,77,Maluku,,,,
102,,Kabupaten Maluku Tengah,77,Maluku,,,,
103,,Kabupaten Maluku Tengah,77,Maluku,,,,
105,,Kabupaten Maluku Tengah,77,Maluku,,,,
114,,Kabupaten Maluku Tengah,77,Maluku,,,,
118,,Kabupaten Maluku Tengah,77,Maluku,,,,
944,,Kabupaten Maluku Tengah,77,Maluku,,,,
948,,Kabupaten Maluku Tengah,77,Maluku,,,,
963,,Kabupaten Maluku Tengah,77,Maluku,,,,
93,,Kabupaten Maluku Tenggara,78,Maluku,,,,
100,,Kabupaten Maluku Tenggara,78,Maluku,,,,
221,,Kabupaten Manggarai Barat,79,Nusa Tenggara Timur,,,,
225,,Kabupaten Manggarai Barat,79,Nusa Tenggara Timur,,,,
230,,Kabupaten Manggarai Barat,79,Nusa Tenggara Timur,,,,
1155,,Kabupaten Muaro Jambi,80,Jambi,,,,
1158,,Kabupaten Muaro Jambi,80,Jambi,,,,
222,,Kabupaten Ngada,81,Nusa Tenggara Timur,,,,
466,,Kabupaten Pangandaran,82,Jawa Barat,,,,
9,,Kabupaten Purwakarta,83,Jawa Barat,,,,
1104,,Kabupaten Raja Ampat,84,Papua Barat,,,,
1135,,Kabupaten Semarang,85,Jawa Tengah,,,,
1140,,Kabupaten Semarang,85,Jawa Tengah,,,,
1161,,Kabupaten Semarang,85,Jawa Tengah,,,,
419,,Kabupaten Serdang Bedagai,86,Sumatera Utara,,,,
302,,Kabupaten Sleman,87,Daerah Istimewa Yogyakarta,,,,
303,,Kabupaten Sleman,87,Daerah Istimewa Yogyakarta,,,,
309,,Kabupaten Sleman,87,Daerah Istimewa Yogyakarta,,,,
310,,Kabupaten Sleman,87,Daerah Istimewa Yogyakarta,,,,
316,,Kabupaten Sleman,87,Daerah Istimewa Yogyakarta,,,,
321,,Kabupaten Sleman,87,Daerah Istimewa Yogyakarta,,,,
322,,Kabupaten Sleman,87,Daerah Istimewa Yogyakarta,,,,
323,,Kabupaten Sleman,87,Daerah Istimewa Yogyakarta,,,,
324,,Kabupaten Sleman,87,Daerah Istimewa Yogyakarta,,,,
330,,Kabupaten Sleman,87,Daerah Istimewa Yogyakarta,,,,
916,,Kabupaten Sleman,87,Daerah Istimewa Yogyakarta,,,,
449,,Kabupaten Solok,88,Sumatera Barat,,,,
1190,,Kabupaten Solok,88,Sumatera Barat,,,,
1090,,Kabupaten Sorong,89,Papua Barat,,,,
1091,,Kabupaten Sorong,89,Papua Barat,,,,
3,,Kabupaten Sukabumi,90,Jawa Barat,,,,
6,,Kabupaten Sukabumi,90,Jawa Barat,,,,
8,,Kabupaten Sukabumi,90,Jawa Barat,,,,
14,,Kabupaten Sukabumi,90,Jawa Barat,,,,
18,,Kabupaten Sukabumi,90,Jawa Barat,,,,
19,,Kabupaten Sukabumi,90,Jawa Barat,,,,
25,,Kabupaten Sukabumi,90,Jawa Barat,,,,
27,,Kabupaten Sukabumi,90,Jawa Barat,,,,
30,,Kabupaten Sukabumi,90,Jawa Barat,,,,
576,,Kabupaten Sukabumi,90,Jawa Barat,,,,
679,,Kabupaten Sukoharjo,91,Jawa Tengah,,,,
229,Pasola,Kabupaten Sumba Barat Daya,92,Nusa Tenggara Timur,Februari - Maret,https://en.wikipedia.org/wiki/Pasola#:~:text=Pasola%20is%20a%20mounted%20spear%2Dfighting%20competition%20from%20western%20Sumba%2C%20Indonesia.%20It%20is%20played%20by%20throwing%20wooden%20spears%20at%20the%20opponent%20while%20riding%20a%20horse%20to%20celebrate%20the%20rice%2Dplanting%20season.,https://upload.wikimedia.org/wikipedia/commons/thumb/e/e1/Upacara_adat_Pasola.jpg/386px-Upacara_adat_Pasola.jpg,https://en.wikipedia.org/wiki/Pasola
236,,Kabupaten Sumba Timur,93,Nusa Tenggara Timur,,,,
878,,Kabupaten Sumedang,94,Jawa Barat,,,,
879,,Kabupaten Sumedang,94,Jawa Barat,,,,
880,,Kabupaten Sumedang,94,Jawa Barat,,,,
434,,Kabupaten Tanah Datar,95,Sumatera Barat,,,,
1175,,Kabupaten Tanah Datar,95,Sumatera Barat,,,,
631,,Kabupaten Tangerang,96,Banten,,,,
632,,Kabupaten Tangerang,96,Banten,,,,
633,,Kabupaten Tangerang,96,Banten,,,,
634,,Kabupaten Tangerang,96,Banten,,,,
635,,Kabupaten Tangerang,96,Banten,,,,
637,,Kabupaten Tangerang,96,Banten,,,,
641,,Kabupaten Tangerang,96,Banten,,,,
649,,Kabupaten Tangerang,96,Banten,,,,
468,,Kabupaten Tasikmalaya,97,Jawa Barat,,,,
470,,Kabupaten Tasikmalaya,97,Jawa Barat,,,,
475,,Kabupaten Tasikmalaya,97,Jawa Barat,,,,
477,,Kabupaten Tasikmalaya,97,Jawa Barat,,,,
393,,Kabupaten Wonosobo,98,Jawa Tengah,,,,
401,,Kabupaten Wonosobo,98,Jawa Tengah,,,,
403,,Kabupaten Wonosobo,98,Jawa Tengah,,,,
192,,Kanpur Division,99,Uttar Pradesh,,,,
408,,Karo,100,North Sumatra,,,,
758,,Kendari,101,South East Sulawesi,,,,
223,,Kepulauan Seribu,102,Jakarta,,,,
1150,,Kerinci,103,Jambi,,,,
1153,,Kerinci,103,Jambi,,,,
1166,,Kerinci,103,Jambi,,,,
1015,,Klungkung,104,Bali,,,,
744,,Konawe,105,South East Sulawesi,,,,
99,,Kota Ambon,106,Maluku,,,,
109,,Kota Ambon,106,Maluku,,,,
115,,Kota Ambon,106,Maluku,,,,
116,,Kota Ambon,106,Maluku,,,,
945,,Kota Ambon,106,Maluku,,,,
947,,Kota Ambon,106,Maluku,,,,
952,,Kota Ambon,106,Maluku,,,,
956,,Kota Ambon,106,Maluku,,,,
958,,Kota Ambon,106,Maluku,,,,
964,,Kota Ambon,106,Maluku,,,,
967,,Kota Ambon,106,Maluku,,,,
202,,Kota Balikpapan,107,Kalimantan Timur,,,,
603,,Kota Balikpapan,107,Kalimantan Timur,,,,
606,,Kota Balikpapan,107,Kalimantan Timur,,,,
608,,Kota Balikpapan,107,Kalimantan Timur,,,,
611,,Kota Balikpapan,107,Kalimantan Timur,,,,
612,,Kota Balikpapan,107,Kalimantan Timur,,,,
614,,Kota Balikpapan,107,Kalimantan Timur,,,,
619,,Kota Balikpapan,107,Kalimantan Timur,,,,
620,,Kota Balikpapan,107,Kalimantan Timur,,,,
621,,Kota Balikpapan,107,Kalimantan Timur,,,,
624,,Kota Balikpapan,107,Kalimantan Timur,,,,
626,,Kota Balikpapan,107,Kalimantan Timur,,,,
627,,Kota Balikpapan,107,Kalimantan Timur,,,,
629,,Kota Balikpapan,107,Kalimantan Timur,,,,
61,,Kota Banda Aceh,108,Aceh,,,,
66,,Kota Banda Aceh,108,Aceh,,,,
73,,Kota Banda Aceh,108,Aceh,,,,
74,,Kota Banda Aceh,108,Aceh,,,,
76,,Kota Banda Aceh,108,Aceh,,,,
78,,Kota Banda Aceh,108,Aceh,,,,
1130,,Kota Banda Aceh,108,Aceh,,,,
151,,Kota Bandung,109,Jawa Barat,,,,
155,,Kota Bandung,109,Jawa Barat,,,,
159,,Kota Bandung,109,Jawa Barat,,,,
160,,Kota Bandung,109,Jawa Barat,,,,
162,,Kota Bandung,109,Jawa Barat,,,,
164,,Kota Bandung,109,Jawa Barat,,,,
167,,Kota Bandung,109,Jawa Barat,,,,
168,,Kota Bandung,109,Jawa Barat,,,,
172,,Kota Bandung,109,Jawa Barat,,,,
174,,Kota Bandung,109,Jawa Barat,,,,
176,,Kota Bandung,109,Jawa Barat,,,,
177,,Kota Bandung,109,Jawa Barat,,,,
812,,Kota Bandung,109,Jawa Barat,,,,
991,,Kota Banjar Baru,110,Kalimantan Selatan,,,,
975,,Kota Banjarmasin,111,Kalimantan Selatan,,,,
984,,Kota Banjarmasin,111,Kalimantan Selatan,,,,
988,,Kota Banjarmasin,111,Kalimantan Selatan,,,,
990,,Kota Banjarmasin,111,Kalimantan Selatan,,,,
994,,Kota Banjarmasin,111,Kalimantan Selatan,,,,
999,,Kota Banjarmasin,111,Kalimantan Selatan,,,,
711,,Kota Batam,112,Kepulauan Riau,,,,
713,,Kota Batam,112,Kepulauan Riau,,,,
714,,Kota Batam,112,Kepulauan Riau,,,,
716,,Kota Batam,112,Kepulauan Riau,,,,
717,,Kota Batam,112,Kepulauan Riau,,,,
719,,Kota Batam,112,Kepulauan Riau,,,,
721,,Kota Batam,112,Kepulauan Riau,,,,
723,,Kota Batam,112,Kepulauan Riau,,,,
724,,Kota Batam,112,Kepulauan Riau,,,,
725,,Kota Batam,112,Kepulauan Riau,,,,
727,,Kota Batam,112,Kepulauan Riau,,,,
728,,Kota Batam,112,Kepulauan Riau,,,,
730,,Kota Batam,112,Kepulauan Riau,,,,
731,,Kota Batam,112,Kepulauan Riau,,,,
732,,Kota Batam,112,Kepulauan Riau,,,,
736,,Kota Batam,112,Kepulauan Riau,,,,
739,,Kota Batam,112,Kepulauan Riau,,,,
541,,Kota Batu,113,Jawa Timur,,,,
542,,Kota Batu,113,Jawa Timur,,,,
543,,Kota Batu,113,Jawa Timur,,,,
544,,Kota Batu,113,Jawa Timur,,,,
546,,Kota Batu,113,Jawa Timur,,,,
547,,Kota Batu,113,Jawa Timur,,,,
549,,Kota Batu,113,Jawa Timur,,,,
550,,Kota Batu,113,Jawa Timur,,,,
551,,Kota Batu,113,Jawa Timur,,,,
554,,Kota Batu,113,Jawa Timur,,,,
555,,Kota Batu,113,Jawa Timur,,,,
557,,Kota Batu,113,Jawa Timur,,,,
558,,Kota Batu,113,Jawa Timur,,,,
559,,Kota Batu,113,Jawa Timur,,,,
560,,Kota Batu,113,Jawa Timur,,,,
562,,Kota Batu,113,Jawa Timur,,,,
564,,Kota Batu,113,Jawa Timur,,,,
566,,Kota Batu,113,Jawa Timur,,,,
567,,Kota Batu,113,Jawa Timur,,,,
569,,Kota Batu,113,Jawa Timur,,,,
570,,Kota Batu,113,Jawa Timur,,,,
865,,Kota Batu,113,Jawa Timur,,,,
818,,Kota Bekasi,114,Jawa Barat,,,,
819,,Kota Bekasi,114,Jawa Barat,,,,
821,,Kota Bekasi,114,Jawa Barat,,,,
822,,Kota Bekasi,114,Jawa Barat,,,,
823,,Kota Bekasi,114,Jawa Barat,,,,
825,,Kota Bekasi,114,Jawa Barat,,,,
826,,Kota Bekasi,114,Jawa Barat,,,,
827,,Kota Bekasi,114,Jawa Barat,,,,
833,,Kota Bekasi,114,Jawa Barat,,,,
837,,Kota Bekasi,114,Jawa Barat,,,,
841,,Kota Bekasi,114,Jawa Barat,,,,
843,,Kota Bekasi,114,Jawa Barat,,,,
845,,Kota Bekasi,114,Jawa Barat,,,,
846,,Kota Bekasi,114,Jawa Barat,,,,
917,,Kota Bengkulu,115,Bengkulu,,,,
924,,Kota Bengkulu,115,Bengkulu,,,,
926,,Kota Bengkulu,115,Bengkulu,,,,
927,,Kota Bengkulu,115,Bengkulu,,,,
933,,Kota Bengkulu,115,Bengkulu,,,,
937,,Kota Bengkulu,115,Bengkulu,,,,
938,,Kota Bengkulu,115,Bengkulu,,,,
571,,Kota Bogor,116,Jawa Barat,,,,
572,,Kota Bogor,116,Jawa Barat,,,,
574,,Kota Bogor,116,Jawa Kulon,,,,
575,,Kota Bogor,116,Jawa Barat,,,,
577,,Kota Bogor,116,Jawa Barat,,,,
580,,Kota Bogor,116,Jawa Barat,,,,
585,,Kota Bogor,116,Jawa Barat,,,,
593,,Kota Bogor,116,Jawa Barat,,,,
595,,Kota Bogor,116,Jawa Barat,,,,
983,,Kota Bogor,116,Jawa Barat,,,,
442,,Kota Bukittinggi,117,Sumatera Barat,,,,
445,,Kota Bukittinggi,117,Sumatera Barat,,,,
446,,Kota Bukittinggi,117,Sumatera Barat,,,,
454,,Kota Bukittinggi,117,Sumatera Barat,,,,
458,,Kota Bukittinggi,117,Sumatera Barat,,,,
459,,Kota Bukittinggi,117,Sumatera Barat,,,,
461,,Kota Bukittinggi,117,Sumatera Barat,,,,
1183,,Kota Bukittinggi,117,Sumatera Barat,,,,
1186,,Kota Bukittinggi,117,Sumatera Barat,,,,
1187,,Kota Bukittinggi,117,Sumatera Barat,,,,
1195,,Kota Bukittinggi,117,Sumatera Barat,,,,
1199,,Kota Bukittinggi,117,Sumatera Barat,,,,
1200,,Kota Bukittinggi,117,Sumatera Barat,,,,
1202,,Kota Bukittinggi,117,Sumatera Barat,,,,
40,Bali Spirit Festival,Ubud,204,Bali,Maret - Mei,https://www.liputan6.com/lifestyle/read/5257212/bali-spirit-festival-2023-bakal-digelar-di-ubud-4-7-mei-dengan-konsep-ramah-lingkungan#:~:text=Bali%20Spirit%20Festival%20merupakan,https://cdn1-production-images-kly.akamaized.net/8_njDV0j2PvVob9vEtSM1ZN27Qs=/640x360/smart/filters:quality(75):strip_icc():format(webp)/kly-media-production/medias/4389459/original/098990400_1681121037-WhatsApp_Image_2023-04-10_at_16.59.18.jpeg,https://www.liputan6.com/lifestyle/read/5257212/bali-spirit-festival-2023-bakal-digelar-di-ubud-4-7-mei-dengan-konsep-ramah-lingkungan
53,,Kota Denpasar,118,Bali,,,,
90,,Kota Denpasar,118,Bali,,,,
535,,Kota Denpasar,118,Bali,,,,
1004,,Kota Denpasar,118,Bali,,,,
1005,,Kota Denpasar,118,Bali,,,,
1006,,Kota Denpasar,118,Bali,,,,
1007,,Kota Denpasar,118,Bali,,,,
1010,,Kota Denpasar,118,Bali,,,,
1013,,Kota Denpasar,118,Bali,,,,
1016,,Kota Denpasar,118,Bali,,,,
1018,,Kota Denpasar,118,Bali,,,,
1019,,Kota Denpasar,118,Bali,,,,
1020,,Kota Denpasar,118,Bali,,,,
1021,,Kota Denpasar,118,Bali,,,,
1023,,Kota Denpasar,118,Bali,,,,
1026,,Kota Denpasar,118,Bali,,,,
1028,,Kota Denpasar,118,Bali,,,,
1079,,Kota Denpasar,118,Bali,,,,
1097,,Kota Denpasar,118,Bali,,,,
1108,,Kota Denpasar,118,Bali,,,,
111,,Kota Depok,119,Jawa Barat,,,,
950,,Kota Depok,119,Jawa Barat,,,,
242,,Kota Jakarta Barat,120,Daerah Khusus Ibukota Jakarta,,,,
249,,Kota Jakarta Barat,120,Daerah Khusus Ibukota Jakarta,,,,
257,,Kota Jakarta Barat,120,Daerah Khusus Ibukota Jakarta,,,,
258,,Kota Jakarta Barat,120,Daerah Khusus Ibukota Jakarta,,,,
262,,Kota Jakarta Barat,120,Daerah Khusus Ibukota Jakarta,,,,
269,,Kota Jakarta Barat,120,Daerah Khusus Ibukota Jakarta,,,,
342,,Kota Jakarta Barat,120,Daerah Khusus Ibukota Jakarta,,,,
241,Jakarta International Java Jazz Festival,Kota Jakarta Pusat,121,Daerah Khusus Ibukota Jakarta,Maret,https://en.wikipedia.org/wiki/Jakarta_International_Java_Jazz_Festival#:~:text=Jakarta%20International%20Java%20Jazz%20Festival%20(,https://www.javajazzfestival.com/assets/images/ilustrasi04.jpg,https://www.javajazzfestival.com/
243,Jakarta Anniversary Festivals,Kota Jakarta Pusat,121,Daerah Khusus Ibukota Jakarta,Juni,https://en.wikipedia.org/wiki/Jakarnaval#:~:text=is%20an%20annual,https://upload.wikimedia.org/wikipedia/commons/thumb/d/d9/Pawai_Budaya.jpg/360px-Pawai_Budaya.jpg,https://en.wikipedia.org/wiki/Jakarnaval
244,Djakarta Artmosphere,Kota Jakarta Pusat,121,Daerah Khusus Ibukota Jakarta,November,https://en.wikipedia.org/wiki/Djakarta_Artmosphere#:~:text=Djakarta%20Artmosphere%2C%20or,https://cdn0-production-images-kly.akamaized.net/I58otK0KJYyNCSP3pWWtUjA-sl8=/640x360/smart/filters:quality(75):strip_icc():format(webp)/kly-media-production/medias/146539/original/111023akonser.jpg,https://en.wikipedia.org/wiki/Djakarta_Artmosphere
247,Jakarta International Film Festival,Kota Jakarta Pusat,121,Daerah Khusus Ibukota Jakarta,November,https://en.wikipedia.org/wiki/Jakarta_International_Film_Festival#:~:text=Jakarta%20International%20Film%20Festival%20(,https://v-images2.antarafoto.com/jakarta-international-film-festival-2014-ng03bj-prv.jpg,https://en.wikipedia.org/wiki/Jakarta_International_Film_Festival
254,Indonesia Menari,Kota Jakarta Pusat,121,Daerah Khusus Ibukota Jakarta,undefined,https://en.wikipedia.org/wiki/Indonesia_Menari#:~:text=Indonesia%20Menari%20or,https://indonesiakaya.com/wp-content/uploads/2021/07/GIK-Indonesia-Menari-2021-KV-01-1.png,https://en.wikipedia.org/wiki/Indonesia_Menari
259,,Kota Jakarta Pusat,121,Daerah Khusus Ibukota Jakarta,,,,
261,,Kota Jakarta Pusat,121,Daerah Khusus Ibukota Jakarta,,,,
265,,Kota Jakarta Pusat,121,Daerah Khusus Ibukota Jakarta,,,,
268,,Kota Jakarta Pusat,121,Daerah Khusus Ibukota Jakarta,,,,
760,,Kota Jakarta Pusat,121,Daerah Khusus Ibukota Jakarta,,,,
809,,Kota Jakarta Pusat,121,Daerah Khusus Ibukota Jakarta,,,,
251,Betawi Cultural Festival,Kota Jakarta Selatan,122,Daerah Khusus Ibukota Jakarta,Juli,https://en.wikipedia.org/wiki/Setu_Babakan_Betawi_Cultural_Village#:~:text=Setu%20Babakan%20Betawi%20Cultural%20Village%20or,https://upload.wikimedia.org/wikipedia/commons/thumb/2/25/Setu_Babakan.jpg/375px-Setu_Babakan.jpg,https://en.wikipedia.org/wiki/Setu_Babakan_Betawi_Cultural_Village
255,,Kota Jakarta Selatan,122,Daerah Khusus Ibukota Jakarta,,,,
264,,Kota Jakarta Selatan,122,Daerah Khusus Ibukota Jakarta,,,,
267,,Kota Jakarta Selatan,122,Daerah Khusus Ibukota Jakarta,,,,
467,,Kota Jakarta Selatan,122,Daerah Khusus Ibukota Jakarta,,,,
660,,Kota Jakarta Selatan,122,Daerah Khusus Ibukota Jakarta,,,,
838,,Kota Jakarta Selatan,122,Daerah Khusus Ibukota Jakarta,,,,
246,,Kota Jakarta Timur,123,Daerah Khusus Ibukota Jakarta,,,,
939,,Kota Jakarta Timur,123,Daerah Khusus Ibukota Jakarta,,,,
1152,,Kota Jambi,124,Jambi,,,,
1156,,Kota Jambi,124,Jambi,,,,
1157,,Kota Jambi,124,Jambi,,,,
1163,,Kota Jambi,124,Jambi,,,,
1165,,Kota Jambi,124,Jambi,,,,
1167,,Kota Jambi,124,Jambi,,,,
1168,,Kota Jambi,124,Jambi,,,,
1040,,Kota Jayapura,125,Papua,,,,
1041,,Kota Jayapura,125,Papua,,,,
1042,,Kota Jayapura,125,Papua,,,,
1043,,Kota Jayapura,125,Papua,,,,
1048,,Kota Jayapura,125,Papua,,,,
1050,,Kota Jayapura,125,Papua,,,,
1052,,Kota Jayapura,125,Papua,,,,
745,,Kota Kendari,126,Sulawesi Tenggara,,,,
747,,Kota Kendari,126,Sulawesi Tenggara,,,,
750,,Kota Kendari,126,Sulawesi Tenggara,,,,
753,,Kota Kendari,126,Sulawesi Tenggara,,,,
756,,Kota Kendari,126,Sulawesi Tenggara,,,,
759,,Kota Kendari,126,Sulawesi Tenggara,,,,
89,,Kota Lhokseumawe,127,Aceh,,,,
122,Maudu Lompoa,Takalar,203,Sulawesi Selatan,Januari,https://www.djkn.kemenkeu.go.id/kanwil-sulseltrabar/baca-artikel/14258/Maudu-Lompoa-Perpaduan-Harmoni-Keagamaan-Dan-Kearifan-Lokal.html#:~:text=Pelaksanaan%20perayaan%20Maudu%20Lompoa,teladan%20Nabi%20Muhammad%20SAW.,https://www.djkn.kemenkeu.go.id/kanwil-sulseltrabar/baca-artikel/14258/Maudu-Lompoa-Perpaduan-Harmoni-Keagamaan-Dan-Kearifan-Lokal.html
123,,Kota Makassar,128,Sulawesi Selatan,,,,
126,,Kota Makassar,128,Sulawesi Selatan,,,,
130,,Kota Makassar,128,Sulawesi Selatan,,,,
132,,Kota Makassar,128,Sulawesi Selatan,,,,
133,,Kota Makassar,128,Sulawesi Selatan,,,,
138,,Kota Makassar,128,Sulawesi Selatan,,,,
142,,Kota Makassar,128,Sulawesi Selatan,,,,
145,,Kota Makassar,128,Sulawesi Selatan,,,,
150,,Kota Makassar,128,Sulawesi Selatan,,,,
749,,Kota Makassar,128,Sulawesi Selatan,,,,
851,,Kota Malang,129,Jawa Timur,,,,
867,,Kota Malang,129,Jawa Timur,,,,
871,,Kota Malang,129,Jawa Timur,,,,
876,,Kota Malang,129,Jawa Timur,,,,
519,,Kota Manado,130,Sulawesi Utara,,,,
524,,Kota Manado,130,Sulawesi Utara,,,,
525,,Kota Manado,130,Sulawesi Utara,,,,
527,,Kota Manado,130,Sulawesi Utara,,,,
536,,Kota Manado,130,Sulawesi Utara,,,,
540,,Kota Manado,130,Sulawesi Utara,,,,
1063,,Kota Manado,130,Sulawesi Utara,,,,
1068,,Kota Manado,130,Sulawesi Utara,,,,
1069,,Kota Manado,130,Sulawesi Utara,,,,
1071,,Kota Manado,130,Sulawesi Utara,,,,
1080,,Kota Manado,130,Sulawesi Utara,,,,
1084,,Kota Manado,130,Sulawesi Utara,,,,
404,,Kota Medan,131,Sumatera Utara,,,,
409,,Kota Medan,131,Sumatera Utara,,,,
410,,Kota Medan,131,Sumatera Utara,,,,
414,,Kota Medan,131,Sumatera Utara,,,,
416,,Kota Medan,131,Sumatera Utara,,,,
417,,Kota Medan,131,Sumatera Utara,,,,
421,,Kota Medan,131,Sumatera Utara,,,,
422,,Kota Medan,131,Sumatera Utara,,,,
424,,Kota Medan,131,Sumatera Utara,,,,
431,,Kota Medan,131,Sumatera Utara,,,,
433,,Kota Medan,131,Sumatera Utara,,,,
333,,Kota Padang,132,Sumatera Barat,,,,
339,,Kota Padang,132,Sumatera Barat,,,,
343,,Kota Padang,132,Sumatera Barat,,,,
344,,Kota Padang,132,Sumatera Barat,,,,
353,,Kota Padang,132,Sumatera Barat,,,,
356,,Kota Padang,132,Sumatera Barat,,,,
359,,Kota Padang,132,Sumatera Barat,,,,
763,,Kota Palangka Raya,133,Kalimantan Tengah,,,,
767,,Kota Palangka Raya,133,Kalimantan Tengah,,,,
769,,Kota Palangka Raya,133,Kalimantan Tengah,,,,
771,,Kota Palangka Raya,133,Kalimantan Tengah,,,,
774,,Kota Palangka Raya,133,Kalimantan Tengah,,,,
775,,Kota Palangka Raya,133,Kalimantan Tengah,,,,
777,,Kota Palangka Raya,133,Kalimantan Tengah,,,,
778,,Kota Palangka Raya,133,Kalimantan Tengah,,,,
779,,Kota Palangka Raya,133,Kalimantan Tengah,,,,
780,,Kota Palangka Raya,133,Kalimantan Tengah,,,,
781,,Kota Palangka Raya,133,Kalimantan Tengah,,,,
783,,Kota Palangka Raya,133,Kalimantan Tengah,,,,
788,,Kota Palembang,134,Sumatera Selatan,,,,
789,,Kota Palembang,134,Sumatera Selatan,,,,
791,,Kota Palembang,134,Sumatera Selatan,,,,
793,,Kota Palembang,134,Sumatera Selatan,,,,
800,,Kota Palembang,134,Sumatera Selatan,,,,
801,,Kota Palembang,134,Sumatera Selatan,,,,
802,,Kota Palembang,134,Sumatera Selatan,,,,
803,,Kota Palembang,134,Sumatera Selatan,,,,
806,,Kota Palembang,134,Sumatera Selatan,,,,
807,,Kota Palembang,134,Sumatera Selatan,,,,
810,,Kota Palembang,134,Sumatera Selatan,,,,
814,,Kota Palembang,134,Sumatera Selatan,,,,
815,,Kota Palembang,134,Sumatera Selatan,,,,
816,,Kota Palembang,134,Sumatera Selatan,,,,
817,,Kota Palembang,134,Sumatera Selatan,,,,
553,,Kota Pekanbaru,135,Riau,,,,
182,,Kota Samarinda,136,Kalimantan Timur,,,,
185,,Kota Samarinda,136,Kalimantan Timur,,,,
188,,Kota Samarinda,136,Kalimantan Timur,,,,
189,,Kota Samarinda,136,Kalimantan Timur,,,,
190,,Kota Samarinda,136,Kalimantan Timur,,,,
193,,Kota Samarinda,136,Kalimantan Timur,,,,
194,,Kota Samarinda,136,Kalimantan Timur,,,,
195,,Kota Samarinda,136,Kalimantan Timur,,,,
197,,Kota Samarinda,136,Kalimantan Timur,,,,
198,,Kota Samarinda,136,Kalimantan Timur,,,,
199,,Kota Samarinda,136,Kalimantan Timur,,,,
200,,Kota Samarinda,136,Kalimantan Timur,,,,
201,,Kota Samarinda,136,Kalimantan Timur,,,,
204,,Kota Samarinda,136,Kalimantan Timur,,,,
205,,Kota Samarinda,136,Kalimantan Timur,,,,
1115,,Kota Semarang,137,Jawa Tengah,,,,
1116,,Kota Semarang,137,Jawa Tengah,,,,
1117,,Kota Semarang,137,Jawa Tengah,,,,
1118,,Kota Semarang,137,Jawa Tengah,,,,
1119,,Kota Semarang,137,Jawa Tengah,,,,
1120,,Kota Semarang,137,Jawa Tengah,,,,
1121,,Kota Semarang,137,Jawa Tengah,,,,
1122,,Kota Semarang,137,Jawa Tengah,,,,
1123,,Kota Semarang,137,Jawa Tengah,,,,
1124,,Kota Semarang,137,Jawa Tengah,,,,
1126,,Kota Semarang,137,Jawa Tengah,,,,
1128,,Kota Semarang,137,Jawa Tengah,,,,
1131,,Kota Semarang,137,Jawa Tengah,,,,
1132,,Kota Semarang,137,Jawa Tengah,,,,
1133,,Kota Semarang,137,Jawa Tengah,,,,
1138,,Kota Semarang,137,Jawa Tengah,,,,
1143,,Kota Semarang,137,Jawa Tengah,,,,
1144,,Kota Semarang,137,Jawa Tengah,,,,
1089,,Kota Sorong,138,Papua Barat,,,,
661,Solo Batik Carnival,Kota Surakarta,139,Jawa Tengah,Juni,https://en.wikipedia.org/wiki/Solo_Batik_Carnival#:~:text=The%20Solo%20Batik,https://en.wikipedia.org/wiki/File:Solo_Batik_Carnival.jpg,https://en.wikipedia.org/wiki/Solo_Batik_Carnival
662,,Kota Surakarta,139,Jawa Tengah,,,,
664,,Kota Surakarta,139,Jawa Tengah,,,,
665,,Kota Surakarta,139,Jawa Tengah,,,,
666,,Kota Surakarta,139,Jawa Tengah,,,,
667,,Kota Surakarta,139,Jawa Tengah,,,,
670,,Kota Surakarta,139,Jawa Tengah,,,,
672,,Kota Surakarta,139,Jawa Tengah,,,,
675,,Kota Surakarta,139,Jawa Tengah,,,,
676,,Kota Surakarta,139,Jawa Tengah,,,,
677,,Kota Surakarta,139,Jawa Tengah,,,,
678,,Kota Surakarta,139,Jawa Tengah,,,,
680,,Kota Surakarta,139,Jawa Tengah,,,,
682,,Kota Surakarta,139,Jawa Tengah,,,,
684,,Kota Surakarta,139,Jawa Tengah,,,,
685,,Kota Surakarta,139,Jawa Tengah,,,,
686,,Kota Surakarta,139,Jawa Tengah,,,,
688,,Kota Surakarta,139,Jawa Tengah,,,,
638,,Kota Tangerang,140,Banten,,,,
639,,Kota Tangerang,140,Banten,,,,
644,,Kota Tangerang,140,Banten,,,,
645,,Kota Tangerang,140,Banten,,,,
651,,Kota Tangerang,140,Banten,,,,
654,,Kota Tangerang,140,Banten,,,,
655,,Kota Tangerang,140,Banten,,,,
658,,Kota Tangerang,140,Banten,,,,
636,,Kota Tangerang Selatan,141,Banten,,,,
648,,Kota Tangerang Selatan,141,Banten,,,,
652,,Kota Tangerang Selatan,141,Banten,,,,
97,Festival Legu Gam,Kota Ternate,142,Maluku Utara,April,https://kapita.malutprov.go.id/festival-legu-gam#:~:text=Legu%20gam%20atau,https://kapita.malutprov.go.id/images/berita/056c95d3f4934c329dae82a82b51672b.jpg,https://kapita.malutprov.go.id/festival-legu-gam
104,,Kota Ternate,142,Maluku Utara,,,,
304,ARTJOG,Kota Yogyakarta,143,Daerah Istimewa Yogyakarta,Mei,https://en.wikipedia.org/wiki/ARTJOG#:~:text=ARTJOG%20is%20a,https://upload.wikimedia.org/wikipedia/commons/thumb/9/99/Art_Jogja_2013_Taman_Budaya_Yogyakarta.jpg/330px-Art_Jogja_2013_Taman_Budaya_Yogyakarta.jpg,https://en.wikipedia.org/wiki/ARTJOG
307,Festival Malioboro,Kota Yogyakarta,143,Daerah Istimewa Yogyakarta,Juni,https://travel.tempo.co/read/1726472/jogja-cross-culture-2023-di-malioboro-akhir-pekan-ini-nikmati-serunya-teknologi-seni-pertunjukan#:~:text=Mengusung%20tema%20Tatag%2C%20Teteg%2C%20Tutug%2C%20event%20ini%20akan%20diramaikan%20aksi%20ansambel%20perkusi%20hasil%20kolaborasi%20para%20seniman%20perkusi%2C%20sound%20artist%2C%20lighting%20performance%2C%20bersama%20pelaku%20seni%20budaya%20dari%2014%20kecamatan%20di%20Kota%20Yogyakarta.%C2%A0,https://statik.tempo.co/data/2019/08/05/id_861054/861054_720.jpg,https://travel.tempo.co/read/1726472/jogja-cross-culture-2023-di-malioboro-akhir-pekan-ini-nikmati-serunya-teknologi-seni-pertunjukan
312,Jogja Java Carnival,Kota Yogyakarta,143,Daerah Istimewa Yogyakarta,Oktober,https://id.wikipedia.org/wiki/Jogja_Java_Carnival#:~:text=Jogja%20Java%20Carnival%20(JJC,https://upload.wikimedia.org/wikipedia/id/thumb/c/ca/Jogja_Java_Carnival_logo.jpeg/330px-Jogja_Java_Carnival_logo.jpeg,https://id.wikipedia.org/wiki/Jogja_Java_Carnival
317,Ngayogjazz,Kota Yogyakarta,143,Daerah Istimewa Yogyakarta,November,https://www.indonesia.travel/event/id/story-of-event/gelaran-ngayogjazz-2022#:~:text=Provinsi%20Daerah%20Istimewa,https://www.indonesia.travel/content/dam/indtravelrevamp/microsite-event/story-of-event/gelaran-ngayogjazz-2022/header.jpg,https://www.indonesia.travel/event/id/story-of-event/gelaran-ngayogjazz-2022
319,,Kota Yogyakarta,143,Daerah Istimewa Yogyakarta,,,,
325,,Kota Yogyakarta,143,Daerah Istimewa Yogyakarta,,,,
326,,Kota Yogyakarta,143,Daerah Istimewa Yogyakarta,,,,
329,,Kota Yogyakarta,143,Daerah Istimewa Yogyakarta,,,,
689,,Kota Yogyakarta,143,Daerah Istimewa Yogyakarta,,,,
974,,Kotabaru,144,South Kalimantan,,,,
165,,Lackawanna County,145,Pennsylvania,,,,
253,,Leeds and Grenville United Counties,146,Ontario,,,,
849,,Lumajang,147,East Java,,,,
124,,Makassar,148,South Sulawesi,,,,
129,,Makassar,148,South Sulawesi,,,,
131,,Makassar,148,South Sulawesi,,,,
140,,Makassar,148,South Sulawesi,,,,
228,,Makassar,148,South Sulawesi,,,,
852,,Malang,149,East Java,,,,
853,,Malang,149,East Java,,,,
861,,Malang,149,East Java,,,,
850,,Malang,149,East Java,,,,
855,,Malang,149,East Java,,,,
869,,Malang,149,East Java,,,,
874,,Malang,149,East Java,,,,
875,,Malang,149,East Java,,,,
512,,Manado,150,North Sulawesi,,,,
514,,Manado,150,North Sulawesi,,,,
528,,Manado,150,North Sulawesi,,,,
531,,Manado,150,North Sulawesi,,,,
537,,Manado,150,North Sulawesi,,,,
1056,,Manado,150,North Sulawesi,,,,
1058,,Manado,150,North Sulawesi,,,,
1072,,Manado,150,North Sulawesi,,,,
1075,,Manado,150,North Sulawesi,,,,
1081,,Manado,150,North Sulawesi,,,,
219,,Manggarai,151,East Nusa Tenggara,,,,
425,Festival Danau Toba,Medan,152,North Sumatra,Juni,http://disbudpar.sumutprov.go.id/event/festival-danau-toba-sumut-2019/#:~:text=Merupakan%20event%20yang%20telah%20dilaksanakan%20sejak%201970%2Dan%20yang%20dulu%20dikenal%20dengan%20sebutan%20Pesta%20Danau%20Toba.%20Mempersatukan%20seluruh%20komponen%20masyarakat%20Sumatera%20Utara%20untuk%20berkontribusi%20meratakan%20kesejahteraan%20masyarakat%20melalui%20sektor%20pariwisata%20dan%20ekonomi%20kreatif.,http://disbudpar.sumutprov.go.id/wp-content/uploads/2019/12/fdt2019-1.jpeg,http://disbudpar.sumutprov.go.id/event/festival-danau-toba-sumut-2019/
415,,Miami-Dade County,153,Florida,,,,
523,,Minahasa,154,North Sulawesi,,,,
1067,,Minahasa,154,North Sulawesi,,,,
829,,Mixco,155,Guatemala,,,,
703,,Monterey County,156,California,,,,
971,,Moskva,157,Moskva,,,,
1148,,Muaro Jambi,158,Jambi,,,,
1162,,Muaro Jambi,158,Jambi,,,,
1172,,Muaro Jambi,158,Jambi,,,,
1173,,Muaro Jambi,158,Jambi,,,,
354,,New Hanover County,159,North Carolina,,,,
252,,New York County,160,New York,,,,
220,,Ngada,161,East Nusa Tenggara,,,,
234,,Ngada,161,East Nusa Tenggara,,,,
239,,Ngada,161,East Nusa Tenggara,,,,
921,,North Bengkulu,162,Bengkulu,,,,
513,,North Minahasa,163,North Sulawesi,,,,
518,,North Minahasa,163,North Sulawesi,,,,
522,,North Minahasa,163,North Sulawesi,,,,
533,,North Minahasa,163,North Sulawesi,,,,
1057,,North Minahasa,163,North Sulawesi,,,,
1062,,North Minahasa,163,North Sulawesi,,,,
1066,,North Minahasa,163,North Sulawesi,,,,
1077,,North Minahasa,163,North Sulawesi,,,,
923,,Orange County,164,California,,,,
332,"Pasa Harau Art & Culture Festival, Harau Valley",Padang,165,West Sumatra,Juli,https://www.viva.co.id/gaya-hidup/travel/943170-yuk-datang-ke-pasa-harau-art-and-culture-festival-di-sumbar#:~:text=Pasa%20Harau%20Art%20and%20Culture%20Festival%2C%20sebuah,https://thumb.viva.co.id/media/frontend/thumbs3/2017/08/04/59844c2d33e99-pasa-harau-art-and-culture-festival_665_374.jpg,https://www.viva.co.id/gaya-hidup/travel/943170-yuk-datang-ke-pasa-harau-art-and-culture-festival-di-sumbar
335,,Padang,165,West Sumatra,,,,
337,,Padang,165,West Sumatra,,,,
357,,Padang,165,West Sumatra,,,,
358,,Padang,165,West Sumatra,,,,
350,,Padang Pariaman,166,West Sumatra,,,,
913,,Padang Sidempuan,167,North Sumatra,,,,
762,,Palangka Raya,168,Kalimantan Tengah,,,,
761,,Palangka Raya,168,Central Kalimantan,,,,
764,,Palangka Raya,168,Central Kalimantan,,,,
765,,Palangka Raya,168,Central Kalimantan,,,,
773,,Palangka Raya,168,Central Kalimantan,,,,
784,,Palangka Raya,168,Central Kalimantan,,,,
787,,Palangka Raya,168,Central Kalimantan,,,,
790,,Palembang,169,South Sumatra,,,,
795,,Palembang,169,South Sumatra,,,,
797,,Palembang,169,South Sumatra,,,,
799,,Palembang,169,South Sumatra,,,,
183,,Pampanga,170,Central Luzon,,,,
836,,Paris,171,ÃŽle-de-France,,,,
63,,Sabang,172,Aceh,,,,
75,,Sabang,172,Aceh,,,,
186,,Samarinda,173,East Kalimantan,,,,
208,,Samarinda,173,East Kalimantan,,,,
1129,,Semarang,174,Central Java,,,,
1134,,Semarang,174,Central Java,,,,
1137,,Semarang,174,Central Java,,,,
1127,,Sidoarjo,175,East Java,,,,
238,,Sikka,176,East Nusa Tenggara,,,,
1088,,Sorong,177,West Papua,,,,
1093,,Sorong,177,West Papua,,,,
1098,,Sorong,177,West Papua,,,,
1105,,Sorong,177,West Papua,,,,
1106,,Sorong,177,West Papua,,,,
334,,South Pesisir,178,West Sumatra,,,,
1145,,South Solok,179,West Sumatra,,,,
517,,Southeast Minahasa,180,North Sulawesi,,,,
1061,,Southeast Minahasa,180,North Sulawesi,,,,
166,,Subang,181,West Java,,,,
4,,Sukabumi,182,West Java,,,,
5,,Sukabumi,182,West Java,,,,
7,,Sukabumi,182,West Java,,,,
12,,Sukabumi,182,West Java,,,,
13,,Sukabumi,182,West Java,,,,
20,,Sukabumi,182,West Java,,,,
21,,Sukabumi,182,West Java,,,,
23,,Sukabumi,182,West Java,,,,
881,,Sumedang,183,West Java,,,,
886,,Sumedang,183,West Java,,,,
271,,Surabaya,184,Jawa Timur,,,,
273,,Surabaya,184,Jawa Timur,,,,
275,,Surabaya,184,Jawa Timur,,,,
276,,Surabaya,184,Jawa Timur,,,,
277,,Surabaya,184,Jawa Timur,,,,
278,,Surabaya,184,East Java,,,,
279,,Surabaya,184,Jawa Timur,,,,
281,,Surabaya,184,Jawa Timur,,,,
283,,Surabaya,184,Jawa Timur,,,,
284,,Surabaya,184,Jawa Timur,,,,
285,,Surabaya,184,Jawa Timur,,,,
286,,Surabaya,184,Jawa Timur,,,,
287,,Surabaya,184,Jawa Timur,,,,
288,,Surabaya,184,Jawa Timur,,,,
291,,Surabaya,184,Jawa Timur,,,,
292,,Surabaya,184,Jawa Timur,,,,
294,,Surabaya,184,Jawa Timur,,,,
295,,Surabaya,184,Jawa Timur,,,,
298,,Surabaya,184,Jawa Timur,,,,
300,,Surabaya,184,Jawa Timur,,,,
481,,Surabaya,184,Jawa Timur,,,,
483,,Surabaya,184,Jawa Timur,,,,
485,,Surabaya,184,Jawa Timur,,,,
486,,Surabaya,184,Jawa Timur,,,,
487,,Surabaya,184,Jawa Timur,,,,
488,,Surabaya,184,East Java,,,,
489,,Surabaya,184,Jawa Timur,,,,
491,,Surabaya,184,Jawa Timur,,,,
493,,Surabaya,184,Jawa Timur,,,,
494,,Surabaya,184,Jawa Timur,,,,
495,,Surabaya,184,Jawa Timur,,,,
496,,Surabaya,184,Jawa Timur,,,,
497,,Surabaya,184,Jawa Timur,,,,
498,,Surabaya,184,Jawa Timur,,,,
501,,Surabaya,184,Jawa Timur,,,,
502,,Surabaya,184,Jawa Timur,,,,
504,,Surabaya,184,Jawa Timur,,,,
505,,Surabaya,184,Jawa Timur,,,,
508,,Surabaya,184,Jawa Timur,,,,
510,,Surabaya,184,Jawa Timur,,,,
976,,Tanah Bumbu,185,South Kalimantan,,,,
986,,Tanah Bumbu,185,South Kalimantan,,,,
437,,Tanah Datar,186,West Sumatra,,,,
443,,Tanah Datar,186,West Sumatra,,,,
452,,Tanah Datar,186,West Sumatra,,,,
453,,Tanah Datar,186,West Sumatra,,,,
1178,,Tanah Datar,186,West Sumatra,,,,
1184,,Tanah Datar,186,West Sumatra,,,,
1193,,Tanah Datar,186,West Sumatra,,,,
1194,,Tanah Datar,186,West Sumatra,,,,
642,,Tangerang,187,Banten,,,,
650,,Tangerang,187,Banten,,,,
464,,Tasikmalaya,188,West Java,,,,
473,,Tasikmalaya,188,West Java,,,,
474,,Tasikmalaya,188,West Java,,,,
476,,Tasikmalaya,188,West Java,,,,
479,,Tasikmalaya,188,West Java,,,,
884,,Tasikmalaya,188,West Java,,,,
94,,Ternate,189,North Maluku,,,,
108,,Ternate,189,North Maluku,,,,
112,,Ternate,189,North Maluku,,,,
1099,,Vlaams-Brabant,190,Vlaams Gewest,,,,
92,Festival Teluk Jailolo,West Halmahera,191,North Maluku,Mei,https://id.wikipedia.org/wiki/Festival_Teluk_Jailolo#:~:text=Festival%20Teluk%20Jailolo%20merupakan,https://www.indonesia.travel/content/dam/indtravelrevamp/microsite-event/artikel-event/makin-variatif-festival-teluk-jailolo-2022-akan-digelar-di-5-destinasi-eksotis/mobile.jpg,https://www.indonesia.travel/event/id/categories/cultural/makin-variatif-festival-teluk-jailolo-2022-akan-digelar-di-5-destinasi-eksotis
958,Perang Topat,West Lombok,192,West Nusa Tenggara,November,https://lombokbaratkab.go.id/perang-topat-warisan-budaya-tentang-toleransi-dan-pluralisme/#:~:text=Lingsar%2C%20Diskominfotik.%20Perang,https://lombokbaratkab.go.id/wp-content/uploads/2022/12/WhatsApp-Image-2022-12-08-at-21.39.21-1024x576.jpeg,https://lombokbaratkab.go.id/perang-topat-warisan-budaya-tentang-toleransi-dan-pluralisme/
957,Bau Nyale Putri Mandalika,West Lombok,192,West Nusa Tenggara,Februari - Maret,https://www.antaranews.com/berita/3391806/bau-nyale-festival-legendaris-dari-lombok#:~:text=Bau%20Nyale%20berasal%20dari%20Suku%20Sasak%20di%20Lombok%20Selatan%2C%20sebuah%20perayaan%20yang%20berasal%20dari%20legenda%20Putri%20Mandalika.%20%22Bau%22%20dalam%20bahasa%20setempat%20berarti%20menangkap%2C%20sementara%20%22Nyale%22%20adalah%20sejenis%20cacing%20laut%20berwarna%2Dwarni%20yang%20muncul%20setahun%20sekali%20di%20beberapa%20lokasi%20tertentu%20di%20pantai%20Lombok.,https://img.antaranews.com/cache/800x533/2023/02/12/IMG_6216.jpg.webp,https://www.antaranews.com/berita/3391806/bau-nyale-festival-legendaris-dari-lombok#:~:text=Bau%20Nyale%20berasal%20dari%20Suku
211,,West Manggarai,193,East Nusa Tenggara,,,,
212,,West Manggarai,193,East Nusa Tenggara,,,,
218,,West Manggarai,193,East Nusa Tenggara,,,,
224,,West Manggarai,193,East Nusa Tenggara,,,,
226,,West Manggarai,193,East Nusa Tenggara,,,,
231,,West Manggarai,193,East Nusa Tenggara,,,,
235,,West Manggarai,193,East Nusa Tenggara,,,,
305,,Yogyakarta,194,Special Region of Yogyakarta,,,,
903,,Yogyakarta,194,Special Region of Yogyakarta,,,,
2,,Sukabumi,182,West Java,,,,
17,,Sukabumi,182,West Java,,,,
44,Bau Nyale Putri Mandalika,Denpasar,31,Bali,Februari - Maret,https://www.antaranews.com/berita/3391806/bau-nyale-festival-legendaris-dari-lombok#:~:text=Bau%20Nyale%20berasal%20dari%20Suku%20Sasak%20di%20Lombok%20Selatan%2C%20sebuah%20perayaan%20yang%20berasal%20dari%20legenda%20Putri%20Mandalika.%20%22Bau%22%20dalam%20bahasa%20setempat%20berarti%20menangkap%2C%20sementara%20%22Nyale%22%20adalah%20sejenis%20cacing%20laut%20berwarna%2Dwarni%20yang%20muncul%20setahun%20sekali%20di%20beberapa%20lokasi%20tertentu%20di%20pantai%20Lombok.,https://img.antaranews.com/cache/800x533/2023/02/12/IMG_6216.jpg.webp,https://www.antaranews.com/berita/3391806/bau-nyale-festival-legendaris-dari-lombok#:~:text=Bau%20Nyale%20berasal%20dari%20Suku
52,Buleleng Folk Festival,Singaraja,205,Bali,Maret - April,https://palm-living.com/annual-big-events-in-buleleng/#:~:text=Buleleng%20festival%20is,https://palm-living.com/wp-content/uploads/2018/07/Buleleng-Festival-1-150x150.jpg,https://palm-living.com/annual-big-events-in-buleleng/
64,,Banda Aceh,7,Aceh,,,,
79,,Medan,152,,,,,
86,,Banda Aceh,7,Aceh,,,,
96,,Bengkulu,18,Penang,,,,
101,,Ambon,195,Maluku,,,,
106,,Tual,196,,,,,
117,,Banda Neira,197,Maluku,,,,
119,,Tual,196,,,,,
120,,Banda Neira,197,Maluku,,,,
121,,Makassar,148,South Sulawesi,,,,
143,,Makassar,148,,,,,
181,Mahakam Jazz Fiesta,Samarinda,173,November,https://musik.kapanlagi.com/berita/mahakam-jazz-fiesta-gelar-festival-perdana-di-samarinda-e85715.html#:~:text=Mahakam%20Jazz%20Fiesta%20akhirnya%20menyambangi%20Samarinda%20untuk%20pertama%20kalinya.%20Festival%20jazz%20persembahan%20WartaJazz%20ini%20akan%20digelar%20selama%20dua%20hari%20yakni%20pada%203%20dan%204%20November%20di%20Coffee%20Time.%20Sejumlah%20bintang%20jazz%20asal%20Jakarta%20dan%20Bali%20dipastikan%20akan%20ikut%20meramaikan%20acara%20ini.,https://wartajazz.com/wp-content/uploads/2013/11/Team.jpg,https://wartajazz.com/news/2013/11/11/mahakam-jazz-fiesta-samarinda-2013-sebuah-catatan/,
213,,Labuan Bajo,198,Nusa Tenggara Timur,,,,
215,,Labuan Bajo,198,Harbour Island,,,,
232,,Waikabubak,199,East Nusa Tenggara,,,,
245,,Jakarta,200,,,,,
250,,Jakarta,200,Jakarta,,,,
263,,Jakarta,200,Jakarta,,,,
272,,Surabaya,184,,,,,
293,,Surabaya,184,Sarawak,,,,
336,,Padang,165,West Sumatra,,,,
345,,Padang,165,,,,,
346,,Padang,165,West Sumatra,,,,
363,,Garut,33,West Java,,,,
364,,Garut,33,West Java,,,,
412,,Medan,152,,,,,
451,,Ambon,195,Dubai,,,,
482,,Surabaya,184,,,,,
503,,Surabaya,184,Sarawak,,,,
511,,Manado,150,Sulawesi Utara,,,,
530,,Makassar,148,New Territories,,,,
590,,Jakarta,200,,,,,
605,Erau,Tenggarong,206,East Kalimantan,Juli,https://en.wikipedia.org/wiki/Erau#:~:text=Erau%20is%20an%20Indonesian%20biennial%20cultural%20festival%2C%20taking%20place%20in%20the%20city%20of%20Tenggarong%2C%20Kutai%20Kartanegara%2C%20East%20Kalimantan.%20The%20word%20Erau%20is%20derived%20from%20the%20Kutai%20word%20eroh%2C%20meaning%20crowded%2C%20noisy%2C%20joyful.,https://upload.wikimedia.org/wikipedia/commons/thumb/3/37/Mengulur_Naga.jpg/375px-Mengulur_Naga.jpg,https://en.wikipedia.org/wiki/Erau
607,,Manado,150,Kalimantan Timur,,,,
613,,Manado,150,East Kalimantan,,,,
615,,Jakarta,200,Wilayah Persekutuan Kuala Lumpur,,,,
617,,Manado,150,,,,,
622,,Jakarta,200,District of Columbia,,,,
628,,Manado,150,Selangor,,,,
718,,Bengkulu,18,Perak,,,,
726,,Bengkulu,18,,,,,
742,,Ambon,195,,,,,
743,,Ambon,195,Northland,,,,
746,,Ambon,195,South East Sulawesi,,,,
808,,Ambon,195,Ajman,,,,
831,,Ambon,195,Perak,,,,
842,,Jakarta,200,,,,,
848,,Probolinggo,201,Jawa Timur,,,,
856,,Probolinggo,201,East Java,,,,
857,,Malang,149,East Java,,,,
858,,Probolinggo,201,Jawa Timur,,,,
862,,Malang,149,East Java,,,,
894,,Malang,149,Negeri Sembilan,,,,
907,,Malang,149,Selangor,,,,
919,,Bengkulu,18,,,,,
929,,Bandung,8,Madeira,,,,
931,,Bengkulu,18,,,,,
932,,Ambon,195,Penang,,,,
961,,Ambon,195,Maluku,,,,
978,,Banjarmasin,11,South Kalimantan,,,,
989,,Banjarmasin,11,South Kalimantan,,,,
1003,Bali Arts Festival (Festival Seni Bali),Denpasar,31,Bali,Juni,https://en.wikipedia.org/wiki/Bali_Arts_Festival#:~:text=Bali%20Arts%20Festival%20(Indonesian%3A%20Pesta%20Kesenian%20Bali)%20or%20PKB%20is%20an%20annual%20arts%20festival%20in%20Bali%2C%20Indonesia%20that%20celebrates%2C%20preserves%20and%20develops%20Balinese%20art%20and%20culture.,https://upload.wikimedia.org/wikipedia/commons/thumb/d/d4/Young_girls_in_Balinese_festival%3B_John_Y._Can%3B_September_2010.jpg/330px-Young_girls_in_Balinese_festival%3B_John_Y._Can%3B_September_2010.jpg,https://en.wikipedia.org/wiki/Bali_Arts_Festival
1017,Bali Kite Festival,Denpasar,31,Bali,Juli,https://en.wikipedia.org/wiki/Bali_Kite_Festival#:~:text=The%20Bali%20Kite%20Festival%20is,https://upload.wikimedia.org/wikipedia/commons/thumb/b/b8/Bali_Kite_Festival_%28Padang_Galak%29.jpg/450px-Bali_Kite_Festival_%28Padang_Galak%29.jpg,https://en.wikipedia.org/wiki/Bali_Kite_Festival
1025,Kuta Karnival,Denpasar,31,Bali,Oktober,https://www.traveloka.com/id-id/explore/destination/kuta-karnival-perayaan-tahunan-yang-tak-boleh-dilewatkan/2075#:~:text=Salah%20satu%20acara,https://ik.imagekit.io/tvlk/blog/2018/08/Kuta-347774750.jpg?tr=dpr-2,https://www.traveloka.com/id-id/explore/destination/kuta-karnival-perayaan-tahunan-yang-tak-boleh-dilewatkan/2075
1029,Galungan,Denpasar,31,Bali,Februari,https://en.wikipedia.org/wiki/Galungan#:~:text=Galungan%20is%20a%20Balinese%20holiday%20celebrating%20the%20victory%20of%20dharma%20over%20adharma.%5B1%5D%20It%20marks%20the%20time%20when%20the%20ancestral%20spirits%20visit%20the%20Earth.%20The%20last%20day%20of%20the%20celebration%20is%20Kuningan%2C%20when%20they%20return.%20The%20date%20is%20calculated%20according%20to%20the%20210%2Dday%20Balinese%20Pawukon%20calendar.,https://upload.wikimedia.org/wikipedia/commons/thumb/b/bc/PenjorKuningan.jpg/360px-PenjorKuningan.jpg,https://en.wikipedia.org/wiki/Galungan
1030,Odalan,Denpasar,31,Bali,undefined,https://en.wikipedia.org/wiki/Odalan#:~:text=An%20Odalan%20is,https://upload.wikimedia.org/wikipedia/commons/thumb/d/da/Odalan_procession.JPG/330px-Odalan_procession.JPG,https://en.wikipedia.org/wiki/Odalan
1038,Nyepi,Denpasar,31,Bali,Maret,https://en.wikipedia.org/wiki/Nyepi#:~:text=Nyepi%20is%20a%20Balinese%20%22Day%20of%20Silence%22%20that%20is%20commemorated%20every%20Isakawarsa%20(Saka%20new%20year)%20according%20to%20the%20Balinese%20calendar%20(in%202023%2C%20it%20falls%20on%20March%2022).%20It%20is%20a%20Balinese%20celebration%20mainly%20celebrated%20in%20Bali%2C%20Indonesia.,https://upload.wikimedia.org/wikipedia/commons/thumb/9/97/Sanur_Beach.JPG/360px-Sanur_Beach.JPG,https://en.wikipedia.org/wiki/Nyepi
1044,Festival Danau Sentani,Jayapura,43,Papua,Juni,https://id.wikipedia.org/wiki/Festival_Danau_Sentani#:~:text=Festival%20Danau%20Sentani%20adalah%20festival%20pariwisata%20tahunan%20yang%20diadakan%20di%20sekitar%20Danau%20Sentani.%20Festival%20ini%20diselenggarakan%20sejak%202007%20dan%20telah%20menjadi%20festival%20tahunan%20dan%20masuk%20dalam%20kalender%20pariwisata%20utama.,https://upload.wikimedia.org/wikipedia/commons/thumb/1/1a/Festival_Danau_Sentani_2016.jpg/330px-Festival_Danau_Sentani_2016.jpg,https://id.wikipedia.org/wiki/Festival_Danau_Sentani
1047,,Jayapura,43,Papua,,,,
1049,,Jayapura,43,Papua,,,,
1054,,Jayapura,43,Papua,,,,
1055,,Manado,150,Sulawesi Utara,,,,
1074,,Makassar,148,New Territories,,,,
1085,,Sorong,177,West Papua,,,,
